<?xml version="1.0" ?>
<!--
@description Sample XML used in CWE 643
 
@status 2012 - Validated
 
@history-->
<users>
    <user>
        <id>1</id>
        <name>Super Duper Admin</name>
        <pass>Big Secret that n0b0dy must gue$s</pass>
        <secret>I like turtles</secret>
    </user>
    <user>
        <id>2</id>
        <name>Nancy</name>
        <pass>1234abcd</pass>
        <secret>My name is Bob</secret>
    </user>
    <user>
        <id>3</id>
        <name>XXXXX</name>
        <pass>dcba4321</pass>
        <secret>My name is Jasper</secret>
    </user>
</users>
